{"count":1,"self":2933.7868288,"total":12586.5487621,"children":{"InitializeActuators":{"count":54,"self":0.0019947,"total":0.0019947,"children":null},"InitializeSensors":{"count":54,"self":0.0019949,"total":0.0019949,"children":null},"AgentSendState":{"count":1893101,"self":130.2920704,"total":5799.5746087,"children":{"CollectObservations":{"count":20445534,"self":49.2496096,"total":49.2496095,"children":null},"WriteActionMask":{"count":20445534,"self":29.382796799999998,"total":29.382798299999997,"children":null},"RequestDecision":{"count":20445534,"self":186.35456,"total":5590.6501346,"children":{"AgentInfo.ToProto":{"count":20066913,"self":106.16490239999999,"total":5399.3666858999995,"children":{"GenerateSensorData":{"count":20066913,"self":5027.7511168,"total":5293.2017855999993,"children":{"RayPerceptionSensor.Perceive":{"count":20066913,"self":265.45054719999996,"total":265.450554,"children":null}}}}},"RayPerceptionSensor.Perceive":{"count":378621,"self":4.9288916,"total":4.9288916,"children":null}}}}},"DecideAction":{"count":1893101,"self":3619.411968,"total":3619.4121619999996,"children":null},"AgentAct":{"count":1893101,"self":231.3021952,"total":233.77017669999998,"children":{"AgentInfo.ToProto":{"count":5290,"self":0.039869299999999996,"total":2.4659956,"children":{"GenerateSensorData":{"count":5290,"self":2.327706,"total":2.4261263,"children":{"RayPerceptionSensor.Perceive":{"count":5290,"self":0.0984203,"total":0.0984203,"children":null}}}}},"RayPerceptionSensor.Perceive":{"count":37,"self":0.0019947,"total":0.0019947,"children":null}}}},"gauges":{"Anti_A_Car.CumulativeReward":{"count":5327,"max":190.151627,"min":0,"runningAverage":32.413353,"value":92.20129,"weightedAverage":85.00573}},"metadata":{"timer_format_version":"0.1.0","start_time_seconds":"1619267804","unity_version":"2019.4.17f1","command_line_arguments":"C:\\Program Files\\Unity\\Hub\\Editor\\2019.4.17f1\\Editor\\Unity.exe -projectpath C:\/Users\/user\/Desktop\/DATA\/AI\/UNITY\/Project\/RL_Car_Project -useHub -hubIPC -cloudEnvironment production -hubSessionId d29bddf0-a355-11eb-80e0-25f105cb3b66 -accessToken qhMHIpuX9ZNDtDodg5IEmnAXQgdHvYb65xqRxbbwPn8011f","communication_protocol_version":"1.5.0","com.unity.ml-agents_version":"1.9.1-preview","scene_name":"1.2 NCar & Square","end_time_seconds":"1619280390"}}