{"count":1,"self":785.367296,"total":2502.5903545,"children":{"InitializeActuators":{"count":27,"self":0.0009973,"total":0.0009973,"children":null},"InitializeSensors":{"count":27,"self":0.0009973,"total":0.0009973,"children":null},"AgentSendState":{"count":1057334,"self":28.7545792,"total":114.21484099999999,"children":{"CollectObservations":{"count":5709609,"self":13.5060016,"total":13.5060009,"children":null},"WriteActionMask":{"count":5709609,"self":6.3400256,"total":6.3400254999999994,"children":null},"RequestDecision":{"count":5709609,"self":21.0821616,"total":65.6142365,"children":{"AgentInfo.ToProto":{"count":5709609,"self":17.4213776,"total":44.5320755,"children":{"GenerateSensorData":{"count":5709609,"self":27.110697599999998,"total":27.110697599999998,"children":null}}}}}}},"DecideAction":{"count":1057334,"self":1529.7642495999999,"total":1529.7642575999998,"children":null},"AgentAct":{"count":1057334,"self":73.222982399999992,"total":73.240943899999991,"children":{"AgentInfo.ToProto":{"count":1125,"self":0.0079772,"total":0.0179619,"children":{"GenerateSensorData":{"count":1125,"self":0.0099846999999999991,"total":0.0099846999999999991,"children":null}}}}}},"gauges":{"Anti_A_Car.CumulativeReward":{"count":1125,"max":109.660217,"min":0,"runningAverage":5.781116,"value":5.47003031,"weightedAverage":7.66390753}},"metadata":{"timer_format_version":"0.1.0","start_time_seconds":"1619087833","unity_version":"2019.4.17f1","command_line_arguments":"C:\\Program Files\\Unity\\Hub\\Editor\\2019.4.17f1\\Editor\\Unity.exe -projectpath C:\/Users\/user\/Desktop\/DATA\/AI\/UNITY\/Project\/RL_Car_Project -useHub -hubIPC -cloudEnvironment production -hubSessionId d29bddf0-a355-11eb-80e0-25f105cb3b66 -accessToken Fsim91WhbQf2QfDhnLLrGzmvFsF6u4xco5EOD2zIDiM011f","communication_protocol_version":"1.5.0","com.unity.ml-agents_version":"1.9.0-preview","scene_name":"2.0 Car & Grid","end_time_seconds":"1619090336"}}