{"cameraMode":{"drawMode":0,"name":"Shaded","section":"Shading Mode"},"sceneLighting":false,"audioPlay":false,"sceneViewState":{"showFog":true,"showMaterialUpdate":true,"showSkybox":false,"showFlares":true,"showImageEffects":true,"showParticleSystems":true},"in2DMode":false,"pivot":{"x":-2.0,"y":0.33371686935424807,"z":-12.870265007019043},"rotation":{"x":0.44315946102142336,"y":0.4062696099281311,"z":-0.2358071357011795,"w":0.7635139226913452},"size":1.1001830101013184,"orthographic":true}