{"cameraMode":{"drawMode":0,"name":"Shaded","section":"Shading Mode"},"sceneLighting":false,"audioPlay":false,"sceneViewState":{"showFog":true,"showMaterialUpdate":true,"showSkybox":false,"showFlares":true,"showImageEffects":true,"showParticleSystems":true},"in2DMode":false,"pivot":{"x":0.002223491668701172,"y":0.7727262377738953,"z":-3.368752956390381},"rotation":{"x":0.44315946102142336,"y":0.4062696099281311,"z":-0.2358071357011795,"w":0.7635139226913452},"size":1.4506003856658936,"orthographic":true}